<?xml version="1.0" encoding="UTF-8"?>
<project-private xmlns="http://www.netbeans.org/ns/project-private/1">
    <editor-bookmarks xmlns="http://www.netbeans.org/ns/editor-bookmarks/2" lastBookmarkId="0"/>
    <open-files xmlns="http://www.netbeans.org/ns/projectui-open-files/2">
        <group>
            <file>file:/C:/Users/lenovo/Documents/NetBeansProjects/javaProject/src/javaproject/JavaProject.java</file>
            <file>file:/C:/Users/lenovo/Documents/NetBeansProjects/javaProject/src/javaproject/window4.java</file>
            <file>file:/C:/Users/lenovo/Documents/NetBeansProjects/javaProject/src/javaproject/window6.java</file>
            <file>file:/C:/Users/lenovo/Documents/NetBeansProjects/javaProject/src/javaproject/SocSecException.java</file>
            <file>file:/C:/Users/lenovo/Documents/NetBeansProjects/javaProject/src/javaproject/windows1.java</file>
            <file>file:/C:/Users/lenovo/Documents/NetBeansProjects/javaProject/src/javaproject/window5.java</file>
            <file>file:/C:/Users/lenovo/Documents/NetBeansProjects/javaProject/src/javaproject/image.jpg</file>
            <file>file:/C:/Users/lenovo/Documents/NetBeansProjects/javaProject/src/javaproject/window2.java</file>
            <file>file:/C:/Users/lenovo/Documents/NetBeansProjects/javaProject/src/javaproject/window3.java</file>
        </group>
    </open-files>
</project-private>
